{
  "config": {
    "numSamples": 3000,
    "numFrames": 150,
    "sampleN": 1500,
    "seed": 42,
    "timestamp": "2026-07-08T03:02:58.007Z"
  },
  "top20": [
    {
      "params": {
        "preset": 2,
        "x": -35.96,
        "speed": 1.95,
        "particles": 2500,
        "spring": 2.32,
        "swirl": 1.85,
        "trail": 9
      },
      "metrics": {
        "meanRadius": 1.3024674464274495,
        "cvRadius": 0.0689609267048634,
        "meanKnn": 0.051107372679317205,
        "cvKnn": 0.48325510517009956,
        "meanAnisotropy": 0.37647709901555704,
        "cvAnisotropy": 0.17015248252444226,
        "meanSpeed": 1.1385064455290965,
        "pairDistVar": 0.6419323878412366,
        "knnVar": 0.0005848762219842045,
        "spatialScore": 0.6901844391487462,
        "temporalScore": 0.984966843384319,
        "structureScore": 0.9977440714169773,
        "pulseScore": 0.9665102103401991,
        "activityScore": 1,
        "composite": 0.8993840814789678
      }
    },
    {
      "params": {
        "preset": 2,
        "x": -38.96,
        "speed": 1.79,
        "particles": 7500,
        "spring": 2.64,
        "swirl": 1.22,
        "trail": 9
      },
      "metrics": {
        "meanRadius": 1.2822491317259157,
        "cvRadius": 0.07109301708186551,
        "meanKnn": 0.05106571737516817,
        "cvKnn": 0.4930524805870572,
        "meanAnisotropy": 0.35162354975112414,
        "cvAnisotropy": 0.16103459325944636,
        "meanSpeed": 1.186356006834008,
        "pairDistVar": 0.5946722575421642,
        "knnVar": 0.0005831908741068685,
        "spatialScore": 0.6898749380970581,
        "temporalScore": 0.9774001524478109,
        "structureScore": 0.9904933099348683,
        "pulseScore": 0.9861049611741144,
        "activityScore": 1,
        "composite": 0.8975463431421987
      }
    },
    {
      "params": {
        "preset": 2,
        "x": -35.69,
        "speed": 1.55,
        "particles": 7000,
        "spring": 3.05,
        "swirl": 0.02,
        "trail": 9
      },
      "metrics": {
        "meanRadius": 1.3028526496714068,
        "cvRadius": 0.0806593256037349,
        "meanKnn": 0.05381763193710039,
        "cvKnn": 0.5418562133759011,
        "meanAnisotropy": 0.3921903021294617,
        "cvAnisotropy": 0.1862121506169346,
        "meanSpeed": 1.3247459921374207,
        "pairDistVar": 0.6393703219256038,
        "knnVar": 0.0006640180321526923,
        "spatialScore": 0.7102091542064873,
        "temporalScore": 0.9199930096496339,
        "structureScore": 0.9997510865725415,
        "pulseScore": 1,
        "activityScore": 1,
        "composite": 0.89299877031749
      }
    },
    {
      "params": {
        "preset": 2,
        "x": -38.35,
        "speed": 0.3,
        "particles": 6500,
        "spring": 8.3,
        "swirl": 0.03,
        "trail": 8
      },
      "metrics": {
        "meanRadius": 1.443359414211355,
        "cvRadius": 0.20175553407614563,
        "meanKnn": 0.1517430394252451,
        "cvKnn": 0.5642339736787025,
        "meanAnisotropy": 0.34136362962338274,
        "cvAnisotropy": 0.5233656424079592,
        "meanSpeed": 7.159589359508139,
        "pairDistVar": 0.6863285732415613,
        "knnVar": 0.004409934035828936,
        "spatialScore": 0.9242983631494317,
        "temporalScore": 0.6749896786691475,
        "structureScore": 0.9860644444179569,
        "pulseScore": 1,
        "activityScore": 1,
        "composite": 0.8925530397166056
      }
    },
    {
      "params": {
        "preset": 2,
        "x": -27.88,
        "speed": 1.29,
        "particles": 4000,
        "spring": 4.38,
        "swirl": 0.01,
        "trail": 10
      },
      "metrics": {
        "meanRadius": 1.3545464844153638,
        "cvRadius": 0.10058828957406676,
        "meanKnn": 0.05929132081943359,
        "cvKnn": 0.5484433010864694,
        "meanAnisotropy": 0.3203399952394314,
        "cvAnisotropy": 0.4002032849279938,
        "meanSpeed": 1.6412184588969663,
        "pairDistVar": 0.704589897638602,
        "knnVar": 0.0008081656672483355,
        "spatialScore": 0.7498117501644748,
        "temporalScore": 0.8839178111078579,
        "structureScore": 0.9744316674727235,
        "pulseScore": 1,
        "activityScore": 1,
        "composite": 0.8895308946944878
      }
    },
    {
      "params": {
        "preset": 2,
        "x": -37.98,
        "speed": 0.32,
        "particles": 12500,
        "spring": 12.6,
        "swirl": 0.68,
        "trail": 9
      },
      "metrics": {
        "meanRadius": 1.394929846955185,
        "cvRadius": 0.2502053459216872,
        "meanKnn": 0.13752884533956428,
        "cvKnn": 0.5568931794677197,
        "meanAnisotropy": 0.3506770439146467,
        "cvAnisotropy": 0.4953451445981402,
        "meanSpeed": 8.063659395045178,
        "pairDistVar": 0.6655048712264642,
        "knnVar": 0.0037063059200270775,
        "spatialScore": 0.9762811014761195,
        "temporalScore": 0.5921817444013341,
        "structureScore": 0.9901195276404691,
        "pulseScore": 1,
        "activityScore": 1,
        "composite": 0.8884596484532866
      }
    },
    {
      "params": {
        "preset": 2,
        "x": -32.13,
        "speed": 0.44,
        "particles": 8000,
        "spring": 7.8,
        "swirl": 0.03,
        "trail": 3
      },
      "metrics": {
        "meanRadius": 1.3834526168055445,
        "cvRadius": 0.2044138768777911,
        "meanKnn": 0.11747032457428241,
        "cvKnn": 0.6142172185440304,
        "meanAnisotropy": 0.46327594477639256,
        "cvAnisotropy": 0.4772538010928636,
        "meanSpeed": 5.237283481906092,
        "pairDistVar": 0.706976813522559,
        "knnVar": 0.002884872685308425,
        "spatialScore": 0.9995001829377251,
        "temporalScore": 0.5689105384356141,
        "structureScore": 0.9837905844557482,
        "pulseScore": 1,
        "activityScore": 1,
        "composite": 0.8880253356041581
      }
    },
    {
      "params": {
        "preset": 2,
        "x": -34.23,
        "speed": 2.03,
        "particles": 2500,
        "spring": 6.52,
        "swirl": 0.07,
        "trail": 9
      },
      "metrics": {
        "meanRadius": 1.3404959095805165,
        "cvRadius": 0.07950370093369946,
        "meanKnn": 0.050141288628022675,
        "cvKnn": 0.5239298111566453,
        "meanAnisotropy": 0.35089638970521575,
        "cvAnisotropy": 0.35405433995174196,
        "meanSpeed": 1.1174334530119574,
        "pairDistVar": 0.6902504839605025,
        "knnVar": 0.0005428376738760766,
        "spatialScore": 0.682994334000213,
        "temporalScore": 0.9422957787941824,
        "structureScore": 0.9902067810318346,
        "pulseScore": 1,
        "activityScore": 1,
        "composite": 0.888023940156568
      }
    },
    {
      "params": {
        "preset": 2,
        "x": -26.96,
        "speed": 1.34,
        "particles": 2500,
        "spring": 4.2,
        "swirl": 0.55,
        "trail": 6
      },
      "metrics": {
        "meanRadius": 1.354285934805591,
        "cvRadius": 0.09792747900447353,
        "meanKnn": 0.058307210996379255,
        "cvKnn": 0.5344214133940502,
        "meanAnisotropy": 0.29063814986943437,
        "cvAnisotropy": 0.44854325385371363,
        "meanSpeed": 1.580940862087972,
        "pairDistVar": 0.6978022387687852,
        "knnVar": 0.0007954007233505778,
        "spatialScore": 0.7427886223990555,
        "temporalScore": 0.9072725434309825,
        "structureScore": 0.9523559807259508,
        "pulseScore": 1,
        "activityScore": 1,
        "composite": 0.88774371775895
      }
    },
    {
      "params": {
        "preset": 2,
        "x": 42.64,
        "speed": 1.67,
        "particles": 8000,
        "spring": 5.56,
        "swirl": 0.39,
        "trail": 6
      },
      "metrics": {
        "meanRadius": 1.3268165227419768,
        "cvRadius": 0.092841139712764,
        "meanKnn": 0.0579118696038058,
        "cvKnn": 0.479251389606196,